,topic_0_word,topic_0_score,topic_1_word,topic_1_score,topic_2_word,topic_2_score,topic_3_word,topic_3_score,topic_4_word,topic_4_score,topic_5_word,topic_5_score,topic_6_word,topic_6_score,topic_7_word,topic_7_score,topic_8_word,topic_8_score,topic_9_word,topic_9_score,topic_10_word,topic_10_score,topic_11_word,topic_11_score,topic_12_word,topic_12_score,topic_13_word,topic_13_score,topic_14_word,topic_14_score,topic_15_word,topic_15_score,topic_16_word,topic_16_score,topic_17_word,topic_17_score,topic_18_word,topic_18_score,topic_19_word,topic_19_score,topic_20_word,topic_20_score,topic_21_word,topic_21_score,topic_22_word,topic_22_score,topic_23_word,topic_23_score,topic_24_word,topic_24_score
0,deutschland,0.01879286796473339,spd,0.017712037272840087,uhr,0.07478206541511857,klimaschutz,0.0365743734069751,euro,0.08366297623538643,cases,0.05232076514271612,grün,0.08967959043168695,sonntagsfrage,0.10088957389910362,rassismus,0.02798332981493485,pmk,0.03065653270498817,impfstoff,0.07967865963472656,kind,0.09576182907631656,twitter,0.15061503687141292,cdu,0.19179535030950673,scholz,0.229125361192523,afghanistan,0.11874627606532838,russland,0.02712201385338892,virus,0.04754927887860989,arbeit,0.0486100083427934,landwirtschaft,0.07235210632958063,covid,0.0507154609940278,berlin,0.20812706243219323,pandemie,0.11258586734277959,steuer,0.09695935392403572,bartsch,0.221171227176742
1,corona,0.013708959435059275,cdu,0.016583551146701934,digital,0.05018126294986914,energie,0.034102064389343566,rente,0.03358393875977101,covid,0.04900214724356268,grüne,0.08580168120075068,befragung,0.09430764388482975,opfer,0.024299755114962785,unternehmen,0.0280845702833956,impfpflicht,0.054582090536671866,schule,0.05370381428449848,tweet,0.13360113168896642,cduzcsu,0.06827120076613744,olaf,0.20802496945939614,taliban,0.06472954044846538,datenträger,0.02456472600798329,coronavirus,0.04528177671204661,cduo,0.043915659779455905,künast,0.06700130585431377,patient,0.04240729345119694,hbf,0.07591676396921362,kramp,0.03378707079589181,geld,0.060052526763431396,dietmar,0.21368999931656313
2,afd,0.01280944828861547,fdp,0.014554193951130234,facebook,0.049801672439422386,klima,0.030367878595111794,einkommen,0.018791454509672685,data,0.03343622511022299,top,0.04342068573150557,befragter,0.09357082247439645,antisemitismus,0.023890976277219277,quellcode,0.019308001735719706,biontech,0.03378390389479093,familie,0.02744492591869445,iphone,0.052674984759343055,ralph,0.05112567269700212,spd,0.06070727431962862,bundeswehr,0.04447706256103143,unterlage,0.02456472600798329,tz,0.04014627125016043,arbeiten,0.036895108524743675,renate,0.06189954102645805,inzidenz,0.042026051722776944,dielinke,0.06534493868253503,karrenbauer,0.03378707079589181,haushalt,0.0595797962645226,fraktionsvorsitzender,0.05738133725531764
3,deutsch,0.011980429252016834,wahl,0.013193050280752211,live,0.04567149899888329,sozial,0.027945851952703615,gesetzlich,0.017750862592894927,people,0.029621081743877047,abstimmung,0.039839408673108055,fdp,0.08199375417656068,israel,0.01930700785195057,sicherheit,0.018451234354380806,impfung,0.03329559368944712,eltern,0.025226562286202736,account,0.04939258218994706,brinkhaus,0.050864294311785144,alleine,0.04613478795799374,kabul,0.04124615650579962,werden,0.023820800115169245,corona,0.032073259417050234,homeoffice,0.029717267349860473,food,0.039328338805050496,tag,0.04172420533698333,landesverband,0.05258126806031922,milliarde,0.029977347296780272,finanz,0.04489363093735013,linksfraktion,0.05206916303057582
4,uhr,0.011214099961864878,linke,0.01245171971446335,livestream,0.0354307658404854,erneuerbar,0.020943419266557812,mindestlohn,0.01549660100175663,vaccin,0.029490870448527,fdp,0.02595658751561263,cdu,0.08153586743302109,hanau,0.017207195756443524,said,0.01815649287474604,impfen,0.028641575679169803,zwei,0.02461918334388378,retweet,0.037389636236100365,csu,0.046977077247886384,fraktion,0.03244306369626661,krieg,0.027522044170397945,flüchtling,0.02205243512205772,sars,0.031666294591124446,spdo,0.028468041214030126,klöckner,0.03848742593112159,fall,0.0405912524106803,gl,0.0314872401466549,spiegel,0.027073401500181574,jährlich,0.03880031434064438,fit,0.03247630405009353
5,land,0.010493821407836914,union,0.012408115776278735,online,0.024943055916286174,preis,0.01912780094825945,brutto,0.014867762311629559,dos,0.029179437796087806,rote,0.02500093920774062,sonstig,0.07933741280834458,jude,0.016738357937962484,stichtag,0.017185365573152346,impfdosen,0.02401689930016624,kindergrundsicherung,0.02171684920086924,app,0.03669613631630312,live,0.04349982051281538,bundestag,0.03161325022800837,einsatz,0.024468320532430893,memorial,0.019623160586255194,cov,0.03154791696950269,beschäftigter,0.02736875243094693,ernährung,0.03434983687411675,pro,0.03135960232466647,dielinker,0.0314872401466549,annegret,0.025025624012482883,profitiert,0.037585647104643696,alice,0.0318200511994071
6,bundestag,0.010184940056562002,bundestag,0.012248880609426211,podcast,0.022805426537835027,ausbau,0.017947392405647362,hoch,0.014384002595869114,may,0.02822784895637302,folgen,0.024359257109462778,csu,0.07731715730390895,el,0.016422268727547054,hashemi,0.015806222714311164,spahn,0.021520862290208484,kinder,0.021125138596321463,zitierte,0.0335499670331539,statement,0.039057146027049634,kanzler,0.029298105091528182,international,0.024400332511339298,russisch,0.018709876356798754,kw,0.02058176199687491,arbeitnehmer,0.0271130539275085,nachhaltig,0.02932980147203997,rang,0.028481241974630686,linke,0.029911837715065677,müssen,0.024464063660615633,bruttoeinkommen,0.036383980435331,weidel,0.03128806663954857
7,tag,0.010076919943156026,partei,0.011584303902969119,zoom,0.018391473014383087,emission,0.01687062437847132,jahr,0.013495210164040136,number,0.026308667770684267,uhr,0.02433225677310389,spd,0.07580716385376451,weber,0.015394638554699728,sedat,0.015806222714311164,moderna,0.020987904801853773,jugendliche,0.01962741023936953,blockieren,0.03103150563982945,uhr,0.03003356542794845,sozial,0.028309797931622548,ortskräfte,0.02316224321634894,grenze,0.01856744523544657,variante,0.01834888064500521,kurzarbeit,0.025304925523582336,tier,0.029065246585791096,geimpft,0.026191401433268948,leipzig,0.02593050488473781,katrin,0.024337317400323986,mindeststeuer,0.035870810579138386,amira,0.031187569998613274
8,brandner,0.009269021437476982,afd,0.011414162001890764,information,0.017032663704500087,strom,0.015300570540623788,aktienrent,0.013124071612113507,day,0.02617545594826295,bündnis,0.021549816330707863,bundestagswahl,0.07385197238999955,licence,0.01521668903451135,gültekin,0.015806222714311164,astrazeneca,0.020912711797160873,corona,0.018549165140109805,gefällt,0.02951428585996814,zcsu,0.027748553019241333,irrtum,0.025942837350368023,flughafen,0.022927050517746825,migration,0.017979578018453308,covid,0.017744231978127748,arbeitgeber,0.024401748534757652,gentechnik,0.02411423641583242,krankenhaus,0.023577306338387925,rote,0.023369452471252987,eckardt,0.02298115578099539,steuerpolitik,0.03540237813042366,ali,0.030963893470835797
9,stephan,0.00917516610229364,bundestagswahl,0.011005688315549397,deutschland,0.015962235327062486,gas,0.015013206565044658,milliarde,0.012995614507462895,days,0.02472279633965586,zp,0.01874751687309288,linke,0.07361731514726456,gedenken,0.015157295135337383,gürbüz,0.015806222714311164,fordern,0.016755671101346323,paar,0.01592046510455298,angabe,0.029163026668083476,cou,0.025712904971952263,konservative,0.02443587402118545,afghan,0.02208441872695045,deutschland,0.01760778480215094,impfung,0.01706512806371514,überstunde,0.022952866647426705,tierschutz,0.02374398723220369,klinik,0.022525804785983754,ice,0.019416905820317833,göring,0.022863921983617544,meister,0.03427592700430121,mohamed,0.03054329393364598
10,gera,0.00856907952406077,letzter,0.010587599969756886,linke,0.015441382293755116,neu,0.01466932819299455,deutschland,0.012641639881163848,apr,0.024505237469973507,katharina,0.01743729225398618,grüne,0.06618351318673557,manfred,0.014814143728729662,kierpacz,0.015806222714311164,covid,0.01592546968249069,alleinstehend,0.01507615582508929,nachm,0.023086973986715633,cpu,0.02441748329219803,glaube,0.024138476575065192,bundesregierung,0.020662083051893966,wichtig,0.017003185685527618,stand,0.016505456092586728,spoo,0.022952866647426705,julia,0.022788786206404853,einwohner,0.020362725565890166,stuttgart,0.01833680988210832,wolfgang,0.020604905406349412,reiche,0.03352787079185947,linke,0.029820788097742097
11,werden,0.008458451808312471,fraktion,0.010487103717903686,videokonferenz,0.014429960178692818,deutschland,0.014135037300280434,partei,0.012382451068794306,age,0.024361096023301918,koalitionsvertrag,0.015945200346366806,landtagswahl,0.05817502449522696,fc,0.012812839611053993,gökhan,0.015696716525021612,sputnik,0.015540346605989918,lambrecht,0.01507615582508929,inhalt,0.022635400485256002,mm,0.02437769109678472,politik,0.02171208810943926,afghanisch,0.020452634230020732,nouripour,0.016873693128103606,untersagung,0.015311552571557033,arbeitsplatz,0.022610285809360565,sprecherin,0.02060419032660485,ungeimpfte,0.01755769263769989,gera,0.018280620114664355,luftverschmutzung,0.020050690308567723,katapult,0.032332413684907385,gesund,0.02961941492406402
12,gut,0.008324755172575025,politik,0.010026220619591183,schindler,0.014429960178692818,wind,0.013792015012984759,pro,0.01208123810054309,feb,0.0228403050231889,linke,0.015763579623207496,panel,0.055955071211376405,leben,0.012780918438063418,nesar,0.015696716525021612,impf,0.01532520352260881,kinderarmut,0.014673181011743901,sperren,0.020079209531654353,laschet,0.023727789044529594,laschet,0.021182845717241907,soldat,0.0201037248179422,einwanderung,0.01667404834286845,deutschland,0.015282259240511683,verhindern,0.022330775780214765,wald,0.020215474055565136,behandlung,0.01723458272385983,rot,0.018034625990369178,krise,0.01997373803749922,entlasten,0.031040251472515507,gehört,0.029414187699150232
13,spd,0.007415441171222515,herr,0.009579025015385585,ab,0.014415675610635802,wirtschaft,0.01377303522244617,million,0.011393202077832494,new,0.02277868451594843,baerbock,0.0156882039312339,afd,0.05544758899083133,palestinian,0.012052062521195462,viorel,0.01559151812735022,eu,0.015160367254951363,kitas,0.014508990765713735,antwort,0.019383838216734978,deutsch,0.023064378064974612,regeln,0.02091268458359497,evakuierung,0.018199725725059054,benennung,0.016538939761609462,fall,0.015091626797176743,sppo,0.02010037426282696,zukunft,0.020199436377719534,nov,0.016924968152260706,uhr,0.01751319281881281,trick,0.01946437423193113,wahlprogramm,0.028541632217091547,wissler,0.026070608216907855
14,ab,0.006928399445747818,demokratie,0.009102229962730597,mai,0.013931018720378807,linker,0.013607418167110266,fdp,0.011303106384176424,per,0.020691914318279922,spd,0.01558318950625635,online,0.055203187883929604,jüdin,0.012052062521195462,hamza,0.01559151812735022,impfzentrum,0.014666470430135558,sozial,0.01447714776999386,folgen,0.019278107881602932,bundestag,0.022820628572775305,liberale,0.020570274501806887,jahr,0.018067574382860545,deutsch,0.0153851837357455,viral,0.015034133253030492,lohn,0.020000010805642843,produzieren,0.01933135134204039,anzahl,0.015951303213730804,mitte,0.01650985691422593,mdl,0.01858085208174367,oo,0.028039620909766656,vorsitzend,0.022246340520272904
15,greiz,0.006753997064260691,csu,0.008791167624739367,jörg,0.013786307034786057,euro,0.013601147180502688,prozent,0.011219193694915978,infection,0.020160546762655423,rot,0.015434938874128752,telefonische,0.047370800233835296,israeli,0.012052062521195462,mercedes,0.01559151812735022,verimpfen,0.014500319191736449,grundsicherung,0.014058100306530619,kannst,0.01838895754832722,fraktion,0.02271301804827459,baerbock,0.020463072976583285,nato,0.01688569935749163,bau,0.012889224154553677,outbreak,0.014669712159032589,leiharbeit,0.01967388569779432,ministerin,0.018969503454061887,neuinfektione,0.015437063972090988,kv,0.016039053819590803,dollar,0.018026180883634238,mrd,0.027951780839275346,völlig,0.022214561193048012
16,morgen,0.006748659244733047,beifall,0.008775127009006614,youtube,0.01372674361072817,klimaneutral,0.013210260957905617,kosten,0.010794651371753373,source,0.019633942104608323,gut,0.01527658437507973,insa,0.04612269738443306,deutschland,0.011935492605771082,kaloyan,0.01559151812735022,produktion,0.01385403375915176,bundesministerin,0.013887005827780241,werden,0.017723675634247187,armin,0.02077556794408467,leider,0.01996816072779772,werden,0.01671066418080409,ausschuss,0.012719678231604267,transmission,0.014030669910957307,mindestlohn,0.01857623443192195,grüne,0.018373831617505457,nrw,0.014856748675867608,tief,0.014512282476543984,abo,0.01695325121912464,amira,0.027914346260551264,wirtschaftet,0.022022999780672493
17,fraktion,0.0065893073113179376,uhr,0.008595348753098283,sprechen,0.013581353775126414,ökologisch,0.012829779998628488,spd,0.010766939423439568,daily,0.01891137850727823,chef,0.014836879263188947,infratest,0.044225986290215714,mann,0.011776629074883551,fatih,0.015490302281729972,impfungen,0.012934303496498578,unterricht,0.013320339763775542,verstoßen,0.017629852058900594,stellv,0.019450035682471684,kanzlerkandidat,0.019876715698805256,nachbarstaat,0.016508085637229893,omi,0.012666112223934932,studie,0.013721174664583273,statt,0.01843130464127529,fraktion,0.017893143822515847,corona,0.013818499029249563,abc,0.013232929586689155,konstantin,0.016763073858663005,ali,0.02771414521741081,dietmarbartsch,0.022022999780672493
18,berlin,0.006468236654202639,laschet,0.008507225092371814,thema,0.012968191548842588,jahr,0.01249715372258008,pflege,0.010630588361907063,health,0.018738031177672528,grünen,0.014539092726894316,dimap,0.04284268665910177,jüdisch,0.011626193823213608,ferhat,0.015207801056830473,vaccin,0.012855260732411928,kinderrecht,0.01279291291359891,erika,0.01700592975308069,merz,0.018680842780165678,markt,0.019450722288754347,ortskräft,0.01592476000942667,mitarbeiter,0.012510857402458496,beschränkung,0.01357988714489868,jahr,0.01718817722784992,landwirt,0.017807990424152768,sein,0.013624275718140738,verpasst,0.013232929586689155,maßnahme,0.016690613103904538,mohamed,0.02733768879202511,ka,0.021850835068618974
19,jahr,0.006459962508257653,bündnis,0.00814109670596822,mittwoch,0.012834059726167527,inga,0.01231854579100342,monat,0.010257625890472253,confirmed,0.017857570833223684,schulze,0.014026939016676277,telef,0.04024552110184742,zentralrat,0.011447685630064767,öffentlich,0.015113277766281703,geben,0.01278184013224255,bayern,0.012792679139143401,android,0.01615930642570746,vorsitzend,0.018473711657425746,richtig,0.019282321260704383,deutsch,0.015418496051769667,mensch,0.012345444309077027,variants,0.01357988714489868,couo,0.01717071870762577,statt,0.017564044484451872,vollständig,0.013426470840594035,münchen,0.013232004163251562,mensch,0.01667726966282616,seo,0.027287985326498246,land,0.02122640463852367
20,person,0.006325864988966329,grüne,0.00791346062178534,bundesgeschäftsführer,0.012826631269949172,ieimar,0.012136150199968873,steuer,0.009992200084949238,cov,0.017725521415399587,sagen,0.013755932801114227,grün,0.03999347233917371,rassistisch,0.011389190765381328,vili,0.01467720680614608,alice,0.012670235883153746,armut,0.012763068238507518,trump,0.015509300401926647,röttg,0.014961231278220547,gerade,0.019282321260704383,mensch,0.015283274899720315,oo,0.012271280743459272,sterben,0.013446271846558713,work,0.01594268568939075,bmel,0.017556821536755068,infected,0.012606641883018417,seite,0.013208582667405062,corona,0.016530760917211177,rn,0.026796087584440072,ganzer,0.02095488956541223
21,weit,0.0060846351619267755,mensch,0.00780440503777036,donnerstag,0.012136170623709376,arisch,0.012136150199968873,vorschlag,0.009825777627016948,uk,0.017591861230422407,politik,0.013376067525793553,baden,0.039280552173233105,sexuell,0.011138838866575023,velkov,0.01467720680614608,weidel,0.012458408132866253,leben,0.012408104068192831,donald,0.015391315991143755,hermann,0.01413681002094329,pandemie,0.019144688540465034,humanitär,0.015071526404527509,migrant,0.012124304358444395,virusvariante,0.013401297335823082,wagen,0.014858633674930236,uhr,0.017284248465580552,etwa,0.012493595094586595,november,0.012999297432477396,ministerpräsident,0.015987918558282813,erhöhen,0.02417349358165007,versagt,0.020197143044231185
22,altenburger,0.005806465749318504,land,0.007707061385686694,bulletin,0.01211910025368748,haar,0.012055152419748003,arbeitslosigkeit,0.009796596452977611,united,0.017218731352455836,union,0.01305315546209706,bild,0.037713621505114134,jahr,0.011107872748765398,unvar,0.014293295014005726,impfquot,0.012289295850470502,justiz,0.012406461824882345,folge,0.01514708476411659,thorsten,0.013741635808627646,stark,0.018436593781109886,waffe,0.014191503397907814,aktn,0.01167761689746542,institut,0.013275157430113737,alliance,0.014790587939235567,deutschen,0.01637113690812416,hormonal,0.012432536338331981,anruf,0.012952154060979552,bürger,0.015649693977051543,wagenknecht,0.021158785594820873,unen,0.020197143044231185
23,vieler,0.0057876973030279305,sozial,0.007672084390164626,digitalisierung,0.01156970304364449,dbt,0.011974359553531662,geld,0.009771705012821513,jun,0.01711660811752552,interview,0.01106153492776562,württemberg,0.03642451192165328,mm,0.010939851453263585,staatstrojaner,0.01371240802748587,lauterbach,0.012154593932687337,christine,0.012406461824882345,steinbach,0.014880188533945606,folgen,0.013666769196643886,entscheiden,0.017846534105211663,mützenich,0.013959526752334509,untrfll,0.01167761689746542,mensch,0.0129531666027728,stark,0.01463356774504338,foods,0.016362773720063787,abbruch,0.012432536338331981,deutsch,0.012951192808470034,brandl,0.015549079581874235,steuerschätzung,0.020659880822872602,ostdeutsch,0.019609458466100155
24,antwort,0.005781717658341079,stimme,0.007533790113651668,idee,0.011224497871023765,klimaneutralität,0.011919568994231865,land,0.009728768792656682,sars,0.016817127175630286,partei,0.010663202792471852,sonstige,0.030645594224343372,tran,0.010760950540256305,haftbefehle,0.013274251193307298,jens,0.011862561926486681,jahr,0.012266641278252432,regel,0.014472086979658523,mitglied,0.013336790340812957,packen,0.016524538878728793,sicherheitsrat,0.013440215806346962,welse,0.01167761689746542,quelle,0.01288944949645997,minijob,0.014148252487837075,ultra,0.016362773720063787,gesamt,0.012355052060675402,köln,0.012708716501891178,fraktionsvorsitzende,0.015187427382313377,geldsystem,0.020659880822872602,söder,0.01930375622083236
25,neu,0.005739494976757616,jahr,0.007518811027415909,gespräch,0.010879671565646547,energiewende,0.011819707172862919,innen,0.009105737989627397,first,0.01680154891205573,wählen,0.010632937998983263,sonntag,0.030039641686483754,diskriminierung,0.010760950540256305,administration,0.01311316267700455,paul,0.011752488627716925,hilfe,0.012225025700318165,sehen,0.013902081333379054,norbert,0.013024906018138252,mindestlohn,0.016382726749873493,welt,0.013317776976579819,organisationstukur,0.01167761689746542,schnelltest,0.012349057198124945,kontakt,0.013883491835641637,processed,0.015623464639079557,intensivstation,0.012310416231328452,berliner,0.011967925331417452,gebauer,0.014846535139685294,zahlen,0.02006729402461631,aue,0.01912934168974353
26,ei,0.005617109086527626,umfrage,0.007303244039903767,creator,0.010752584761675954,ziel,0.010796696939058976,arbeitsverhältnis,0.008930983613775721,variant,0.01679357094574103,habeck,0.010573746334718947,tv,0.029047035177406418,juden,0.010330339303881823,antragstellerin,0.012969308936882973,bundesregierung,0.01172407838707279,ab,0.011403398440404727,wurdest,0.013718901111038117,dobrindt,0.012767382431418015,michael,0.01588444968379777,bild,0.012450700682366218,anordrung,0.01167761689746542,robert,0.012251104309945882,floor,0.013736574966100616,systems,0.014439624325403671,rki,0.011924434978813576,rb,0.01169016539865594,nutzung,0.01417373232041295,mehrheit,0.02006729402461631,linker,0.018742739458002314
27,frage,0.005569373638083481,freiheit,0.007170738832223027,cduzcsu,0.010338556395378862,china,0.010651188722858262,sgb,0.008852794976790113,mar,0.016730208109241942,britta,0.010528904492999598,fw,0.02724052819941633,antwort,0.010252310239269886,vacein,0.012886976558191935,janssen,0.011617748646102315,grundgesetz,0.011383854978361967,nutzer,0.013586346725838342,friedrich,0.012291015903172121,zeigen,0.015402594368808809,sicherheit,0.012140435709411309,vemichtung,0.01167761689746542,verbreitung,0.012128922380710208,tarifvertrag,0.013115923798529546,bio,0.014101197752204595,infektion,0.011737041624138514,solid,0.01169016539865594,politik,0.0139337918438584,globale,0.020058731773274958,janiner,0.01872345643703131
28,mensch,0.005537310792637601,abgeordneter,0.0071385736892838406,video,0.010299224888054528,mensch,0.010218906572642041,gefördert,0.008852794976790113,deaths,0.01632344647459957,schwarz,0.01048505338442714,wählen,0.02703848399450699,ausgrenzung,0.010136376357515976,päun,0.012602601420311723,ehrlich,0.011549009516408047,elternteil,0.011378883008998485,übersetzen,0.013354571972762803,tv,0.0116985454347327,bundeskanzler,0.015268846132129334,auslandseinsatz,0.012047104499265963,nachgeardnet,0.01167761689746542,koch,0.012089142273347325,systemrelevant,0.013115923798529546,dünger,0.013482525567784934,davon,0.011702730620489817,platz,0.011299840239128181,markus,0.01349935045349287,rheinland,0.019225956080264384,komm,0.01872345643703131
29,ad,0.005419490740469799,europäisch,0.007104879237060673,interaktiv,0.010183250154547574,energy,0.01009171096230483,neu,0.008752595448343989,average,0.015592835406252769,katja,0.010481482475270983,wahl,0.027027454021875917,vili,0.009965541919708661,korruption,0.012465825479532608,werden,0.011473973776217115,ganztagsbetreuung,0.011378883008998485,chebli,0.013175692985029427,feindeslist,0.01163143089697563,flut,0.014914476134192207,stoppen,0.011731887206234139,benenrung,0.01167761689746542,risiko,0.011879121086877024,million,0.013106668302765755,flächenfraß,0.013482525567784934,frau,0.011680457015731213,mitgliederentscheid,0.01117727420384358,stefinger,0.012812061488149997,linke,0.01906500856316227,eı,0.01872345643703131
30,eu,0.005201023645203,markus,0.007064446041268041,tisch,0.009985447211275512,km,0.009913854421748669,groß,0.008730532583127892,vaccinated,0.015577486215934268,laschet,0.010150015219984421,sachsen,0.026061817735752984,holocaust,0.00996530899132595,ideologie,0.011546078320188832,mio,0.011356945293351881,verbraucherschutz,0.011307116868816969,sawsan,0.013175692985029427,cu,0.011360898320061241,mission,0.014754299960012549,retten,0.011700097151193679,dienststelle,0.011215234645433895,host,0.011560746472328418,wi,0.012986852993505289,hlpe,0.013482525567784934,okt,0.011177228585559699,kwasi,0.01117727420384358,stelzenmüller,0.012812061488149997,volker,0.01882969059097901,ostdeutsche,0.01872345643703131
31,direktkandidat,0.005170649252602429,wählen,0.00706437941267441,juni,0.009846040454787573,industrie,0.009791221672855212,beruflich,0.00864083501861689,risk,0.014943047299820832,migration,0.009964167002277816,rtl,0.02432157983597732,schalke,0.00996530899132595,polizei,0.01122682384231793,möglich,0.010589385004354659,kinderzuschlag,0.011100283136479618,text,0.013144955319659712,sachsen,0.011271556569394546,finanz,0.014301713412027392,lage,0.011584421666971143,durchführung,0.011025959841072974,prozent,0.011418492210717592,linksfraktion,0.012766195809019353,hektar,0.013482525567784934,köln,0.011039906230539602,umstiegszeit,0.01117727420384358,ischinger,0.012812061488149997,scholz,0.018701625851863045,ren,0.018690846410890385
32,un,0.005081375424458483,september,0.006954064071873228,rund,0.009816324275021764,green,0.009569554715825714,erhöhung,0.00860571438821048,dec,0.014881060118566507,annalena,0.009592483897641434,forsa,0.022917885900944266,nesar,0.009896500217617211,trade,0.011091280291953082,woche,0.010557516777802634,bundesverband,0.01102491588591976,georg,0.012769693274992255,zdf,0.010376177424233229,bieder,0.014260122391229275,bewaffnet,0.011200179838622468,bereich,0.01097951897640928,mutation,0.01115966042559672,heil,0.012755563618736964,bölw,0.013482525567784934,datum,0.010662451154415439,rgr,0.01117727420384358,brooking,0.012812061488149997,fdp,0.01868617767015689,ur,0.018441302584874312
33,stand,0.004997906851494245,müssen,0.006756860280145129,bundestag,0.009617388374575398,groß,0.009424450028516792,arbeitslose,0.00857658174961865,death,0.01486697953689915,groß,0.009547094541537966,umfrage,0.02179222850937088,gökhan,0.009896500217617211,abgeordneter,0.010601675689666457,impfquote,0.010546612839599519,spd,0.010691402341677715,erfahren,0.012614806802427634,märz,0.010335438934324877,brandstifter,0.014260122391229275,spd,0.010829790888416986,diesbezüglich,0.010703542137957378,einrichtung,0.011096852156669288,mensch,0.01274993279359224,agrarökologie,0.013482525567784934,woche,0.010384981785208008,koalitionsvereinbarung,0.010852044459183387,ramsauer,0.012812061488149997,steuervermeidung,0.01847566496280422,ei,0.01832015960673863
34,di,0.004879064094354652,eu,0.006666078860265238,policy,0.0095533258635416,gerecht,0.00941438748578643,weniger,0.008351089055517461,efficacy,0.014446608140567313,jamaika,0.009323116832509122,quelle,0.021497406513817888,kaloyan,0.009830174501421195,frau,0.010441204069956692,verimpft,0.010546612839599519,ungeboren,0.010660760761332424,afd,0.012600020726391034,union,0.01029863975120869,brudermüller,0.014260122391229275,engagement,0.010765376003233936,auswärtig,0.010608766313638844,lage,0.010828947158905453,hoch,0.012511347829513266,grün,0.013383039919302654,marienhaus,0.010023954458882238,linksjugend,0.010852044459183387,franke,0.012812061488149997,sahra,0.0181919902176655,decken,0.018061849015020726
35,nr,0.004856773089973986,sagen,0.006649738254535611,folge,0.009544547885946523,bundesregierung,0.009130839285616263,lohn,0.008342169362195163,one,0.01427526523094493,kommen,0.009268434838365917,prozent,0.018834824457664132,hamza,0.009830174501421195,intellectual,0.00955781360971823,nombre,0.010546612839599519,grundschule,0.010660760761332424,medium,0.012464624652997202,unterstützung,0.010261962858417652,wirtschaftsweise,0.014260122391229275,frage,0.010710652696393074,eu,0.010601775097437415,tear,0.010810998021232568,job,0.012270158144651471,stoppen,0.01332385079245513,kombiniert,0.010023954458882238,umst,0.010852044459183387,puglierin,0.012812061488149997,schluss,0.01799820533710887,alexander,0.017696066706073155
36,mitglied,0.004809724311726155,frau,0.006436392558641865,märz,0.009523783961237707,hydrog,0.008935558649516211,schweden,0.008241654416803345,total,0.013941352334724195,beide,0.009239356075443374,pfalz,0.01838291537661221,mercedes,0.009830174501421195,property,0.00955781360971823,schnellprüfung,0.010546612839599519,brauchen,0.010431978331621093,follower,0.012259305032218148,spd,0.010200112518537162,vassi,0.014260122391229275,vieler,0.01029988269342646,erläuterung,0.010563765913984325,tag,0.010277265171611382,ür,0.012122087943135374,bundestag,0.013284176290475517,schwangerschaft,0.00983574420906486,bildung,0.010617085971375334,gönner,0.012812061488149997,top,0.017902654086982252,ostdeutschland,0.01689914291884756
37,kommen,0.00477513902093956,gut,0.006354503948362173,digitaler,0.009522150199325877,anteil,0.008834388103371133,linksfraktion,0.008233436404209801,aug,0.013630300438942484,cdu,0.009218441174230355,prognose,0.01828004843295465,ben,0.00980795482183405,technisch,0.009311686837272844,impfpficht,0.010546612839599519,präsenzunterricht,0.010319921056198623,tueet,0.01171935352422836,gröhe,0.010139442918957128,bce,0.014260122391229275,deutschland,0.010217760119485822,muslim,0.010563765913984325,erhöht,0.010207701714371357,kaiser,0.011837978288329762,gut,0.013105815091389002,sachsen,0.009689025786777683,min,0.010431007968704454,sundeswehr,0.012812061488149997,staat,0.017825836465030127,lebensmittel,0.01689914291884756
38,abgeordneter,0.004699296264315515,european,0.006351586601630712,service,0.00948930008008076,land,0.008629927138389672,vermögen,0.00819269116974594,second,0.013601796903318428,fraktion,0.00906819903106776,ard,0.018253577676155326,fatih,0.009766359713365976,verbieten,0.009196959811496451,pfizer,0.010395047352243364,kurzarbeitergeld,0.010319921056198623,articles,0.01171935352422836,anhalt,0.010104840678703804,wacht,0.014260122391229275,eunavfor,0.010175659854345483,ank,0.010563765913984325,eye,0.010050973001867311,groko,0.011480240021947266,ernährungspolitik,0.013090218976051027,intensivmedizinisch,0.009669750485369317,ab,0.010195710782024277,erndl,0.012812061488149997,investieren,0.017485756279107197,linie,0.01671765212860447
39,ar,0.004695849692955894,president,0.005929452021318174,januar,0.009410435629835965,müssen,0.008586353432153759,familie,0.008129067731352432,jan,0.013493960260200399,koalition,0.008762861572152355,kantar,0.01534527635611773,wdr,0.009704873176086199,dürfen,0.00908618293963718,brauchen,0.010095191299123236,schüler,0.010198160328351514,someonen,0.011432417592531764,präsidium,0.010023796088938183,triell,0.013973439901921555,regierung,0.009936907674713943,datei,0.010316179202738845,maßnahme,0.009913287951760625,pflegekraft,0.011275364160563319,bundeslandwirtschaftsministerin,0.013090218976051027,verlegung,0.009669750485369317,jeff,0.010167171035962676,tornado,0.012812061488149997,natur,0.01710067111268301,tagesschaun,0.01671765212860447
40,quelle,0.004640195360600231,deutschland,0.005890951251437196,cdu,0.009406273149763859,pro,0.008505309957529572,hartz,0.008011972858493624,doser,0.013481126292602607,sein,0.008722745442946968,eee,0.015014874618744041,jan,0.009655056712391584,saragoglu,0.009078516255818082,bild,0.009991611930161345,erhalten,0.009987629014621531,removal,0.011432417592531764,soli,0.010023796088938183,bild,0.01395868322082583,politisch,0.00984341080087271,weich,0.010101760157441556,nachweis,0.009909211261995787,anteil,0.011099040891291143,agrarpolitik,0.013090218976051027,apr,0.00957481052921241,heimat,0.0101312383867145,durchdrücken,0.012812061488149997,mai,0.016512199924796165,springer,0.016547898720797982
41,bundesregierung,0.004592177908707645,kommen,0.005873614895814809,twitter,0.009321145782249303,carbon,0.008401559801048196,bundestag,0.007980733627407506,nov,0.013369389517947163,dafür,0.008718059046006362,anhalt,0.013654382584765342,ferhat,0.009588247722285653,domscheit,0.009003445196521794,impfzentren,0.009958070268087697,sein,0.009792900451001596,id,0.011298728968557074,braun,0.009974154185480364,aufbruch,0.013865525960106173,falsch,0.009787328212972358,asylbewerber,0.009975589125851218,rki,0.009790526410999086,widerstandskämpfer,0.011009294771675967,artenvielfalt,0.013090218976051027,werden,0.00955008296972525,bundestag,0.010095102252094866,hohlmeier,0.012812061488149997,wissing,0.016195631153170537,bezahlbar,0.016388458582055156
42,seit,0.004498575777517461,bundesreg,0.005867851069482955,collect,0.008960487301396628,eu,0.008321679527239386,sollen,0.00792768119528127,vaccination,0.013312396969205269,csu,0.008707981776277473,thüringen,0.013519785922699687,muslim,0.00954757617135002,representative,0.008950470318411069,deutschland,0.00993901896368387,drei,0.00974091880645757,wählen,0.01127007703970974,alexander,0.009796728395265882,wesentliche,0.013845189744902342,us,0.009701434036162675,gezielt,0.009912673501617019,epidemisch,0.009764702872397129,hubertus,0.010628457126260501,tierschutzpolitik,0.013090218976051027,erkrankung,0.009472630046096078,regierend,0.009995583960919235,affront,0.012812061488149997,sozial,0.01595022682206197,wissenschaftlich,0.016388458582055156
43,zeit,0.004466103157558337,vieler,0.005844039528937192,riexinger,0.008818308998090055,erreichen,0.00820439718849956,ausgewählt,0.007927573058638632,england,0.013127609142318086,müssen,0.008698091425578073,mm,0.013349724112246842,saracoglu,0.009223671891648261,kurtovie,0.008833587241036726,monat,0.0097928216733668,erwachsene,0.009602335725600665,deutsch,0.011189014763349072,waldumbau,0.009584014736212235,alllance,0.013845189744902342,sevim,0.009617640265365622,bekannt,0.009769958344322191,ende,0.009395046067561579,reallohn,0.010611189365877807,spi,0.013090218976051027,stand,0.00946020095270388,studentisch,0.009995583960919235,cathryn,0.012812061488149997,umwelt,0.015836654409949035,ab,0.016376422002689267
44,müssen,0.004399817446690875,parlament,0.005814788969815904,samstag,0.008558954752521868,stark,0.008189809220947574,iv,0.007891419462705333,world,0.01290274992809947,wirklich,0.008627731868192627,initiative,0.01294225081177925,terror,0.009223671891648261,saytheirnam,0.008833587241036726,jahr,0.00971232856655822,neu,0.00953227323169751,weit,0.011086631599161524,oberfrohna,0.009584014736212235,pletur,0.013845189744902342,statt,0.009279271825539491,umstand,0.009743569363505606,barrier,0.009235281072083655,arbeiterklasse,0.010611189365877807,land,0.012988804773309447,quelle,0.009070411074514092,bevölkerungsschutzgesetz,0.009995583960919235,kretschmann,0.012763118541548638,steuerbetrug,0.015494910617154451,ministerin,0.016238152025046765
45,ss,0.0043728263605078595,sonntagsfrage,0.005801078861010276,zukunft,0.008546406862451944,politik,0.00803736043996116,rentenniveau,0.007886945692614042,testing,0.012495463816583749,eher,0.008535626412916815,uhr,0.012912931536477486,respekt,0.009188883084286295,information,0.008795518288451784,cet,0.009540640885995528,inzidenzwert,0.009403267228091405,teil,0.011038992831026773,januar,0.009432314377881262,brink,0.013845189744902342,stellen,0.00923691640696054,illegal,0.009743569363505606,fieber,0.009235281072083655,ort,0.0105758538163499,essen,0.01291864288938235,kapazität,0.008950109407423976,wohnen,0.00992354059806464,ashbrook,0.012439263665499389,lieber,0.015328144333138295,özdemir,0.016095990866891115
46,fr,0.004296219926184761,frage,0.005783052375119846,verwaltung,0.008334600264681646,trittin,0.008036768279832001,gerecht,0.007866190259862984,germany,0.01217399052941208,macht,0.008333646402580207,swr,0.012872838623072005,magazin,0.00913001342070681,saracoglu,0.00853390524205184,vaccinated,0.00940199090217354,bubbel,0.009375921449890808,beschwerde,0.010979744154191189,cdl,0.009305144717580505,nana,0.013845189744902342,woche,0.009209118367265309,al,0.009713442964260615,viruses,0.009235281072083655,müssen,0.010506012674433997,beckstein,0.012769718858852542,märz,0.00888433941983213,grün,0.009862043270221325,hubschrauber,0.012439263665499389,vermögen,0.015237080612195954,leyen,0.015961139097881386
47,gen,0.0042517558108402945,merkel,0.0057173039836687185,internet,0.008017538652557379,ei,0.00798037255596569,einnahme,0.007746195604691348,million,0.012091661503556131,armin,0.008331699586000415,rheinland,0.01265434010486946,shutterstock,0.00913001342070681,datum,0.008472182076000739,ende,0.009165288282374237,gebärstreik,0.009375921449890808,safety,0.010952296108175101,einheitliche,0.009305144717580505,vorstandsvorsitzender,0.013845189744902342,darüber,0.009150124691752236,person,0.00960240156540106,ocular,0.009235281072083655,vorstand,0.010496984859426501,ebner,0.012769718858852542,ten,0.008792790830961319,zuhause,0.009842112097344365,pandemi,0.012439263665499389,subvention,0.014675711262650276,ernährung,0.015832883156327453
48,herr,0.004249270730551537,armin,0.00567740297936202,fraktion,0.007931116903962932,klimakrise,0.007929201470382367,stärken,0.007731380026425955,mrna,0.011793149502503928,jahr,0.008301043024905454,zdf,0.012618928960931778,verbreiten,0.009042045115420302,bevölkerung,0.008446320698469503,bayern,0.009115945449515503,kinderbonus,0.009375921449890808,feb,0.01079781173074925,bundestagsfraktion,0.009278333058752607,vorsitzend,0.013743582230722086,national,0.00912759716695529,müssen,0.009591414175430225,eyes,0.009235281072083655,deutlich,0.010474360041041034,setzt,0.012498771711263644,triage,0.008778216652064897,bürgermeister,0.009842112097344365,harvard,0.012439263665499389,steueroasen,0.01436432287975751,inga,0.015710609124757986
49,bleiben,0.0041041401158250865,brandner,0.005660146503069361,anmeldung,0.007907750066733967,kosten,0.007891830309927768,sozial,0.007657264688127575,analysis,0.011633386387417542,zwischenspd,0.008292611419528648,freie,0.012248636857083998,anerkennung,0.009042045115420302,bund,0.008403950820135423,corona,0.008939686073420643,bei,0.009166102703471722,lambsdorff,0.010628706095675431,zukunft,0.00913736191027138,armin,0.01352404921429907,say,0.008960143870897976,zuständig,0.009590631897338855,infektion,0.00919863723849426,sinken,0.010374312841423438,fordert,0.012498771711263644,jahr,0.00866123617634424,frankfurt,0.009782069259197296,hammerstein,0.012439263665499389,abwehr,0.01436432287975751,haar,0.015374687144026438
50,maßnahme,0.004102427846439827,groß,0.005659871808669769,berlin,0.007828644275429624,grün,0.0077627366535287816,quelle,0.007526317684237278,sep,0.011585816288229467,klima,0.008275445503637846,zeitraum,0.011917731087244645,innen,0.0090216503249142,berg,0.008394312111687896,sagen,0.008791179387352164,verlängert,0.009103106407198787,bezüglich,0.010628706095675431,richtige,0.008884716121104572,grimm,0.013506204969781712,zählen,0.008824902986876779,lesedauer,0.009385566387921769,immune,0.009120056292452617,pay,0.010302431224575463,einigung,0.01226409417398664,gesundheitsämter,0.008617291361929916,bericht,0.009650880015075613,lieblingsprojekt,0.012439263665499389,endlich,0.014094360102762441,dbt,0.01527164696682299
51,märz,0.004049444382203718,ab,0.005606312420061205,bernd,0.007606452749848283,windkraft,0.007747048175796486,schuldenbremse,0.007394842240856599,immune,0.011431673190334942,deutschland,0.008233415085360584,link,0.01126800136152804,globalist,0.009015979510401027,negotiations,0.008370005962249426,impfstoffproduktion,0.0087888440329996,schuljahr,0.009103106407198787,screenshot,0.010341954556210377,maaßen,0.008835506263089557,basf,0.013506204969781712,laschet,0.008817397611585648,dor,0.009385566387921769,statistisch,0.009020479951818296,überführen,0.010302431224575463,fleisch,0.011871993616101846,stgb,0.008617291361929916,gewalt,0.00956843570707036,kennedy,0.012439263665499389,grüne,0.01407752462877608,bayerisch,0.01527164696682299
52,lauterbach,0.0040347078693851205,scholz,0.005595099888899325,zeit,0.007601371253763138,niemand,0.007676545723425974,vermögensteuer,0.007256424186192774,delta,0.011291885101498764,vettel,0.008089575630998071,wen,0.011213045679730792,gemeinsam,0.009011650559446338,waiver,0.008370005962249426,person,0.00867238688594333,schulschließung,0.009103106407198787,ok,0.010216087526848456,mio,0.00879728366268395,veronika,0.013506204969781712,zivil,0.008718408421100018,ware,0.009188299867560812,surface,0.009009165017693808,gewerkschafter,0.010302431224575463,veränderung,0.011692802418407977,verlegen,0.008430637893484166,alternative,0.009306378353498278,clüver,0.012439263665499389,beenden,0.013813424903800041,rechts,0.015076985355809426
53,fdp,0.004029252409814725,änderung,0.00557384130347185,netz,0.0075429953231827,klimaschutzgesetz,0.007637781637316541,mio,0.007222564574694162,week,0.011039125869676572,kipping,0.008089009899665486,eigen,0.011015678630856389,kundgebung,0.008880681173712398,bbc,0.008370005962249426,institut,0.008633673815323366,unicef,0.009103106407198787,support,0.010188933975867488,mitgliederbefragung,0.00871789626497206,deutschland,0.01336451340651631,august,0.00863542534464244,asyl,0.008919618448297816,tt,0.008878892275272755,staat,0.010172873909438818,stadt,0.011488255380655527,meldewoche,0.008430637893484166,änderungsantrag,0.009157750732107669,verteidigungsministerin,0.012439263665499389,vermögenssteuer,0.013643992663249123,end,0.014984826212369717
54,sein,0.004011171239669215,antrag,0.005571370339147488,eee,0.0074616568893677675,verkehr,0.007614684948155097,haushalt,0.007165708906185051,reported,0.011039125869676572,bundestag,0.007854450568003466,trendprognose,0.011002054239924614,schwul,0.0087952328219744,extraordinary,0.008370005962249426,todesfall,0.00859734829138528,zukunft,0.008938966590507077,folgend,0.010141309975928763,gitta,0.00871789626497206,niebert,0.013219631102983036,außenpolitik,0.00861230080258715,polnisch,0.008803138261653605,aktuell,0.008815028358837814,rt,0.010099375229680994,günther,0.011411109198854477,grau,0.008430637893484166,hamburg,0.009108602360563343,stuttgarter,0.012439263665499389,gold,0.013451553967176896,gauland,0.014567223379079317
55,fall,0.003998570319921109,politisch,0.005559304902744577,deutsch,0.007457229315287699,gebäude,0.007538040797972439,universität,0.007102420672693927,time,0.010950214049511202,württemberg,0.00784410196561695,forschungsgruppe,0.010133754732703084,frau,0.008777324283992348,konkret,0.00824972051590413,dürfen,0.008586772884601431,schließen,0.00890601431788457,links,0.009684624830191777,connemann,0.00871789626497206,naturschutzring,0.013219631102983036,derzeit,0.008604472860414165,ılı,0.008695999436392453,infiziert,0.008652441719919838,respekt,0.010000005402821421,ald,0.011280958201763674,todesfälle,0.008288357558887988,innere,0.008907661004717722,erheblich,0.012364900558372062,global,0.013423184198955527,kanzlerin,0.014076066782750756
56,außen,0.00391560638470081,neu,0.005538474319056655,kanal,0.007378525367776834,sofortprogramm,0.007538040797972439,il,0.007058041281531051,rolling,0.010715759050108012,spiegel,0.007700664115882565,wähler,0.00952059703535595,recht,0.008737026766535776,sein,0.008204659101915248,schnell,0.008504187540450849,schulen,0.008880226509183693,locked,0.009656460831856045,frei,0.008597023786183202,sonntag,0.012887196809770154,dramatisch,0.008514072004915565,sichern,0.008672886159082915,emergence,0.008652441719919838,abschaffen,0.009730687546302397,fläche,0.011159804719094805,deutschland,0.008272500669087943,polizei,0.008874770822004878,jens,0.01228392329871876,bundesministerium,0.013378196016410873,braun,0.014012876257949797
57,te,0.0039138900893991675,frei,0.005477306691393907,use,0.007356589205753235,grüne,0.0075364525790417415,altersvorsorge,0.007051321282118228,south,0.01071496114630563,finden,0.007685433778812992,befragt,0.009481408541843065,zeichen,0.008735516100547035,katherine,0.008192411665472767,impfgipfel,0.008440844476890322,gemeinsam,0.008845992966763345,benachrichtigen,0.009656460831856045,gast,0.0085968897355537,heil,0.012856421563629303,grenze,0.008209256404179,zunehmend,0.00859681600228237,says,0.008652441719919838,stefan,0.009689421003966404,erklären,0.011025185725533359,zahl,0.00823383490046043,sehen,0.008777206422989792,auskommen,0.012134701498132337,frei,0.013237331099345431,hr,0.013951179911121164
58,ir,0.003910895592866348,dafür,0.005346609116427552,dienstag,0.007353202187478372,linke,0.0074693167157696815,haushaltsbrutto,0.006970896454024618,population,0.01071496114630563,vieler,0.007684804634448635,partei,0.00909462106886016,gürbüz,0.008541893074035996,sicherheitslücke,0.008192411665472767,bestellung,0.008298391890073082,lernen,0.008695323467269584,violations,0.009656460831856045,partei,0.008546562038104978,bald,0.012660591563019212,land,0.008020664348144439,sowie,0.008377860335837055,merkel,0.008651874506931789,duo,0.009652243938040709,ampel,0.010672334659734148,altersgruppe,0.008175963354970832,basiskonferenz,0.008697463277514335,nachfolger,0.012134701498132337,kasse,0.013114317209330397,beschließen,0.013774391607648831
59,bund,0.0038844972469041558,europe,0.005340167649522266,including,0.007322203841718703,global,0.0074311314728607095,ei,0.0069273103512980435,positiv,0.01069551161435773,baden,0.007640528692919295,klausur,0.009065423755512402,gültekin,0.008541893074035996,tabelle,0.00814772598261374,fdpbt,0.008170978657087045,wichtig,0.008485343620969534,meldung,0.009619572494464847,gut,0.00838460805440348,pr,0.012609247076946361,leistung,0.007976872429905435,domscheit,0.008374250009419021,ot,0.008630811651391398,altenpflege,0.009652243938040709,vermarkten,0.010491267269226834,medizinisch,0.008175963354970832,enthalt,0.008694387404805912,constanze,0.012134701498132337,hoch,0.013049716377818274,janine,0.013354339969730044
60,impfung,0.0038502027542605542,sowie,0.005338933603389682,berg,0.007284971460733796,tonne,0.00736136907449799,cdu,0.006868879846565332,oct,0.010666859355620275,geben,0.007563134733921099,seeon,0.009065423755512402,kierpacz,0.008541893074035996,spd,0.008061695385999875,französisch,0.008055732884298028,linksfraktion,0.008460044745610072,gemeldet,0.009538979980544858,halten,0.008287046780308236,krostitz,0.01237960067428869,fallschirmjäger,0.007918068957922941,bundesregierung,0.008345154991334654,betrieb,0.008468714143848559,arbeitsbedingung,0.009652243938040709,biostimulanzien,0.010491267269226834,intensivbett,0.008161098392689116,zustimmung,0.008694387404805912,benedikt,0.012134701498132337,landwirtschaft,0.013043339923376118,bundestag,0.013266674081924168
61,prozent,0.0038121785783003393,bei,0.005325720653936129,hass,0.007224004333838834,statt,0.007335286897638853,zahlen,0.006743628698489719,vaccine,0.010607934474831847,vorsitzend,0.007526174484014769,orban,0.009065423755512402,velkov,0.008541893074035996,cyber,0.00803859055101238,gesundheitsminister,0.007680809906544064,mensch,0.008449267389515104,gender,0.009389253799756936,württemberg,0.00825175496711236,bundesminister,0.012207543788136743,snmg,0.007918068957922941,datum,0.008274119267146244,breaking,0.008375810834889426,gut,0.009627058819784502,pflanze,0.010491267269226834,meldewoch,0.008161098392689116,klein,0.008643662199917218,selbständig,0.012134701498132337,pfalz,0.012890528675866162,bundesministerium,0.013078552627374002
62,sport,0.003812085921368485,sein,0.00525221985809008,fdp,0.007188913434134857,bei,0.007310945381169552,deutsch,0.006683237810675161,states,0.010602932682226562,green,0.007432133780635045,ad,0.008977551407859274,sedat,0.008541893074035996,tai,0.00803859055101238,beschaffung,0.0075295642032565755,wechselunterricht,0.008255936844958898,civic,0.009375482819382688,schwarz,0.00817033700391174,spiegel,0.012053330193476187,rüstungsexporte,0.007918068957922941,talent,0.008219641592799717,gelten,0.00836637482879788,dielinke,0.009617903156555177,politik,0.01026406979667863,gesundheit,0.008157482779062702,bonn,0.00850848526599786,zeigen,0.01210870482921921,olaf,0.012770503573076136,rot,0.013035304108453927
63,test,0.0037982376362814254,grünen,0.005238462095569568,domscheit,0.007103277512878735,change,0.007270159909282357,steuerzahler,0.006639596232592584,hospital,0.010505811438047026,haßelmann,0.007353764981135096,fop,0.00881457150036318,hashemi,0.008541893074035996,werden,0.007967731117179978,reuters,0.0075295642032565755,politik,0.008157446821370802,violent,0.009375482819382688,schön,0.008136905422302007,regierung,0.01193617388328762,atomwaffenfrei,0.007918068957922941,beispiel,0.008212567021012047,med,0.008257676051663157,viele,0.00960958392097614,policy,0.010263313581632424,impfen,0.007946372937993502,lichtenberg,0.008382955652882685,bekämpfung,0.012030853840684553,land,0.012665755597987,fast,0.012950909049488675
64,inzidenz,0.003794917303860293,landtagswahl,0.005144433734983548,landtagswahl,0.007003076504043766,uhr,0.00726856347127318,schuld,0.0065808404145138956,lower,0.009821542749909944,sven,0.007353764981135096,viktor,0.008801643391939692,bonn,0.008482714472243323,many,0.007903111357155582,merkel,0.007502481009077896,sollen,0.008145874255701855,integrity,0.009375482819382688,baden,0.008037602120614771,union,0.011918213950843215,ddb,0.007918068957922941,europa,0.00815452317490006,news,0.008232704798749964,susanne,0.009496015951508585,shepley,0.010111894175838701,klinikum,0.007940920366618608,häftling,0.008382955652882685,regierungschefinne,0.011877228111748236,kosten,0.012354649714302016,ze,0.01278992833530195
65,treffen,0.003778690321848337,stephan,0.005098510497924764,gast,0.006879427682366833,climate,0.007208364973074879,zwei,0.006562885559877714,group,0.009756216924201368,fordern,0.0072576642744199915,gms,0.008801643391939692,viorel,0.008425863858361023,phänomenbereich,0.007902926634742926,non,0.007473801416556575,schülerin,0.008139492798079719,anteil,0.009090376672035745,haseloff,0.008019036871150544,exklusiv,0.01180343996801004,kabuler,0.007918068957922941,bundestagsfraktion,0.0079574765294771,bislang,0.008189710466704686,arbeiter,0.009343647952128149,pflanzenschutz,0.010111894175838701,numbers,0.007844275186878802,antragsteller,0.008382955652882685,tanja,0.011877228111748236,abschaffung,0.01234857520347408,gerecht,0.012713034763414923
66,cdu,0.003770721515818294,regierung,0.004910595837938841,telegram,0.0067265697295731995,hoch,0.007113233830920962,erhöhen,0.006498816028110272,jul,0.009729348339565742,sebastian,0.007175988226782666,bayern,0.008658321274245786,februar,0.008372396386713126,kurtovic,0.007781585362129783,termin,0.007445201897302394,ehepaar,0.008139492798079719,min,0.00901173381359254,vorsitz,0.00793291526452691,finanzminister,0.01168358616659132,drogenbeauftragen,0.007918068957922941,aufnehmen,0.007875869686449186,aktualisiert,0.00814984008835144,alice,0.00928757839576603,lebensministerium,0.010111894175838701,mittelwert,0.007844275186878802,ke,0.00819582060786168,uhr,0.011862305640049501,ergebnis,0.012150532226541399,pe,0.012392730399615522
67,ch,0.0037472706133212237,lindner,0.004851059906749179,zuständigkeit,0.00661181857022348,wasserstoff,0.007081065807025172,säule,0.006463711175275042,protection,0.009667671459837145,stellen,0.0070886253326555085,stimme,0.008642939311341852,unvar,0.008318462722359598,vergesellschaftung,0.007781585362129783,indicateur,0.007423550397371172,beim,0.007935431901588708,following,0.008955498500148516,geführt,0.007852363319215797,zukunft,0.011653323887425172,usa,0.007825802078821434,dänemark,0.00782130532326814,bundesamt,0.008067763107935227,mini,0.009211862522976701,processing,0.010111894175838701,arzt,0.0077988369420645305,paragraph,0.008139033344387541,spahn,0.011729099512863531,wettbewerb,0.012146723364877902,neunte,0.011924582743282895
68,eigen,0.0037332490046402588,kandidat,0.0048488059878612245,innen,0.006604182856896872,system,0.0069990173645553535,gehen,0.006417279870792671,within,0.009662933088156023,detzer,0.006832909102104511,vgl,0.008512665062317603,fußball,0.00817691830718912,zweck,0.007745151140864986,sanofi,0.007423550397371172,menschen,0.007538077912544645,spezifisch,0.008951876179972763,swr,0.007776705260256244,groß,0.011622662498262248,sicher,0.0077629536271386305,berg,0.007807685474392102,alice,0.007992527131744845,jakob,0.009211862522976701,tönnie,0.010111894175838701,methode,0.007754806212457858,miete,0.008104990709371599,stellen,0.01163009993070293,wr,0.012052916771251324,normalverdiener,0.011924582743282895
69,eee,0.0037185845754989853,mr,0.004796096005312986,hr,0.00650160390045495,klimawandel,0.006952768925213481,linke,0.006406809942874278,effectiveness,0.009608548628693741,özdemir,0.00680680692443189,telefonisch,0.008217027467403274,nsu,0.008061588759910553,statt,0.007674987924220514,impfkampagne,0.007395191929764138,euro,0.007433118120381991,untersuchen,0.00878379532335295,ab,0.007770993623032917,interview,0.011542583074624264,abrüstung,0.0076317448907591125,aufstieg,0.007785077931643614,sachsen,0.007955149491849238,weidel,0.009132303714589049,gelingen,0.010064583891872784,ns,0.007732778783999411,bi,0.00803668164847026,maske,0.011578551249897965,ou,0.011963291254521972,zurückge,0.011924582743282895
70,pro,0.00371261669714646,klar,0.004775410634745699,wirtschaft,0.006431872948158302,gut,0.006841740936138335,politik,0.0063425257384910885,limited,0.009608548628693741,chefin,0.00680680692443189,pool,0.008107003786162467,gendern,0.008061588759910553,verdachtsfall,0.0076718317014952,karl,0.007320525399992599,bildung,0.007421678598237141,rassismus,0.008660457603767237,ion,0.007637922518268431,spp,0.011464890592567903,machtübernahme,0.0076317448907591125,bundesrepublik,0.00776888743151384,sinn,0.00788454620442365,anzahl,0.009131329781556558,stärkung,0.009830522721904256,helfen,0.007603108960415632,freiheit,0.007969375621593838,linksfraktion,0.011560529175990361,prozent,0.011923363341535657,neens,0.011924582743282895
71,haus,0.0037012678553063213,wichtig,0.004767650133106433,mio,0.006399806803321499,einkommen,0.006645449989966892,job,0.006262004077771315,event,0.009586578696961855,sozial,0.006782490032648593,vergleich,0.008009318342664851,av,0.008061588759910553,vorstand,0.0076493448949193224,dauern,0.007274308907779987,bundesregierung,0.007403737574711105,rules,0.008635554899150067,september,0.0075736040095049474,bett,0.011364518202763123,partner,0.007596038423537573,minute,0.007715157170148473,human,0.007873354409041198,strafe,0.008878483716247323,bäuerlich,0.009817664232038269,verwenden,0.007593624624598349,adb,0.007939757752013492,regierungschef,0.011457537319181556,senken,0.011566811204574819,angepackthabe,0.011924582743282895
72,sowie,0.0036696558310845254,brauchen,0.0047660907326689044,neu,0.006379560676964971,europa,0.006483878209873145,gleich,0.006047276087170718,disease,0.009555843966333155,wohnraum,0.006695541740390315,ergebnis,0.007997363907830029,trauern,0.007956313476125016,would,0.007603900528415236,brüssel,0.007274308907779987,einkommen,0.007377059163174256,kommentar,0.008616278001070359,bundesti,0.007457687330485095,kai,0.01126930658166695,müssen,0.007556100054928135,di,0.007614517483134958,berechnung,0.00781719110781653,det,0.008878483716247323,ausbeutung,0.009817664232038269,neuaufnahmen,0.0074987802175383,hellersdorf,0.007939757752013492,masala,0.011457537319181556,europäisch,0.011484719731790622,gebe,0.011924582743282895
73,beifall,0.0036691531530698134,generalsekretär,0.004745128522245675,data,0.006368439808413492,regen,0.006366093691637652,dürr,0.006027205944230227,public,0.009490394158156414,deal,0.006643833477652836,barometer,0.007869941292052242,saytheirnam,0.007956313476125016,lobbyregister,0.007571646206602907,booster,0.00721813094775503,kinderkrankentage,0.007295762009242147,netzdg,0.008502964876540346,limbach,0.007457687330485095,moderation,0.01126930658166695,kanzleramt,0.007549607099361842,bzw,0.007606623284646543,gesundheit,0.007813960090674936,gleich,0.008802416507662303,groß,0.00941904424095885,kontrazeptivum,0.0074987802175383,dd,0.0078624050002137,townhall,0.011457537319181556,firma,0.011427810459146965,nazischeiße,0.011924582743282895
74,gelten,0.003641713694636119,politiker,0.004718961060002417,parteitag,0.006285132103317371,quelle,0.006358321643249123,fonds,0.006027205944230227,month,0.009455081514801185,einfamilienhaus,0.006634089135622918,alter,0.00779361321438398,uhr,0.007936431025508879,bundespolizei,0.007571646206602907,spät,0.007163322804464039,diakonie,0.007295762009242147,aufgrund,0.008451091646607302,cdumee,0.007457687330485095,land,0.011240121712074046,camp,0.007409680870778303,ur,0.007505066306659304,delta,0.007721601408318059,beruf,0.008783131955891182,common,0.009374078783447733,alter,0.0074367593404807055,erfurt,0.007754847305711917,diktatur,0.011281618672384287,steuersenkungen,0.011263784928255001,nationalökonomie,0.011924582743282895
75,woche,0.0036245501840634275,sachsen,0.004709303017926866,diskussion,0.0061003161876409554,deal,0.00615927289550171,arbeitsmarkt,0.005986808943486318,israel,0.00941830730401814,künast,0.006572146179114267,reuters,0.007355907784612575,ra,0.007801952792239841,gmbh,0.00751740299227863,land,0.007151705097943265,geklärt,0.007295762009242147,url,0.00838303667707738,stark,0.0074345751727514075,martin,0.011121828229642665,versprechen,0.007263639602628182,kommen,0.007432969994593007,health,0.007676505276389606,altenburg,0.008783131955891182,planen,0.009313056774442361,regel,0.007408121912199244,aktionstag,0.007625378276972007,jana,0.011281618672384287,steuerhilfegesetz,0.011263784928255001,gegenw,0.011924582743282895
76,csu,0.0036142115717952,werden,0.00461478351145931,markus,0.006060571053132978,new,0.00611438714646961,ost,0.005977598454774127,symptomatic,0.009395137274721545,bayern,0.00652606252496083,amd,0.007197958712229267,polizist,0.007769838548222254,gesetz,0.007499578179306592,test,0.007040364603085472,kinderschutzbund,0.007295762009242147,baerbock,0.008314130437729902,arbeitslose,0.007399614138464355,esan,0.011096345009405498,sagen,0.007230183379309214,international,0.007391240133042758,geneva,0.007609645852852555,ferschl,0.00869394678986087,hart,0.009084525436355548,impfung,0.00733573521965022,köpenick,0.007625378276972007,land,0.011220811478367088,pfälzi,0.011263784928255001,möglichke,0.011924582743282895
77,platz,0.0036051682516853884,epp,0.0046133531664492395,veranstaltung,0.005889794565013058,umweltschutz,0.006110225309853233,vorbild,0.005940574075299112,years,0.00917537589704923,zukunft,0.006514468631815944,focus,0.007106539512508893,islam,0.007769838548222254,ermitteln,0.007479495287719565,eurodrohne,0.007031075226399681,cew,0.007295762009242147,stammen,0.0082735636449683,helge,0.007346544277700646,zusammenstehen,0.011096345009405498,women,0.007228262699559578,belarus,0.0073718372364506655,ergnew,0.007609645852852555,geführt,0.00869394678986087,aldi,0.008778410768377534,juli,0.007318964355964828,republik,0.007622867830991951,massiv,0.011212793973246211,bundesfachausschus,0.011263784928255001,existenzund,0.011924582743282895
78,monat,0.0035968999414802546,machen,0.004569722253581964,land,0.0058619515607002196,annalena,0.006038366336800942,erster,0.005938521830551086,kingdom,0.009093286686326474,betrieblich,0.006471660504798458,forschungsgr,0.007054151913134778,hass,0.007697319277349864,needed,0.007394186861302054,comirnaty,0.007031075226399681,sovd,0.007295762009242147,required,0.0082735636449683,merkel,0.007264437300912405,norbert,0.010766582519902911,bun,0.007157841658010681,zahl,0.007302285750864103,asensible,0.007609645852852555,erhalten,0.008612181917809323,sprecher,0.008759896812335093,sagen,0.007317124318775581,universität,0.007622867830991951,carlo,0.011122499561103503,beisit,0.011263784928255001,monday,0.011924582743282895
79,geben,0.0035895590320524835,ad,0.004564852488589754,michael,0.0058247316857970395,ausstieg,0.006030432638377951,ab,0.005910864816595657,received,0.00901873754894562,thema,0.0064467120573470345,stz,0.007054151913134778,image,0.007686393243040218,weise,0.007322901730339706,arztpraxis,0.007031075226399681,volkssolidarität,0.007295762009242147,hallo,0.008172870021478765,nadine,0.0071880110521591765,müssen,0.010589083472324871,dagdele,0.007074893844527097,merkel,0.007268657036609986,spectacles,0.007609645852852555,set,0.00861018001646045,streng,0.008663774595242202,alt,0.00725109580361129,mo,0.007591676396921362,risiko,0.011111338361663075,steuergeschenk,0.011263784928255001,fruhstart,0.011924582743282895
80,na,0.0035891313488580867,chairman,0.004557977184641278,spotify,0.0058170705835885236,infrastruktur,0.006027576209874002,alg,0.005876101068431856,pfizer,0.00891895539413568,gespräch,0.006272010349214611,wahlkreisprognosemodell,0.007054151913134778,said,0.007631563599077488,stärken,0.007289643478669617,anfang,0.007016452813449545,kinderhilfswerk,0.007295762009242147,otte,0.008172870021478765,polittalk,0.0071880110521591765,lockdown,0.010582327075453906,hölle,0.007074893844527097,alexander,0.0072017772814528275,erizizineneten,0.007609645852852555,corona,0.00851889789645299,haltung,0.008663774595242202,therapie,0.007159967470630171,koalitionsverhandlung,0.0074966879706894266,seit,0.011058460379423771,generationengerechtigkeit,0.011263784928255001,nslosicen,0.011924582743282895
81,karl,0.003570674888840742,seit,0.0044436550160591335,call,0.005754236570565506,linksfraktion,0.005897227176569004,ill,0.005813553576334996,figure,0.008871070870886401,deutlich,0.006070320002389816,datenbasiertes,0.007054151913134778,rechtsextremismus,0.007608344517255675,fraktion,0.007260309620089127,verhältnismäßig,0.006881890283635236,kinderfreizeitbonus,0.007295762009242147,melden,0.008165441489268625,november,0.006966449057769128,talk,0.010456342291797484,weltweit,0.007059922389501425,brauchen,0.007113136252928413,iaerzef,0.007609645852852555,regelmäßig,0.00845652312042249,bedingung,0.008558331899140856,abbildung,0.007159967470630171,di,0.007396008075645381,mittel,0.010967914393854574,generalse,0.011263784928255001,faxgerät,0.011924582743282895
82,lassen,0.003563414844949893,ofthe,0.0043950210711956456,provide,0.005652188545593953,schweden,0.005874733003713128,verdienen,0.00575486171333748,coronavirus,0.008847071077915833,livestream,0.005986768277205048,hwahltag,0.007054151913134778,yozgat,0.007608344517255675,app,0.007196333145096914,supermarkt,0.006881890283635236,cannabisprävention,0.007295762009242147,dez,0.00807965321285373,raktion,0.006807988594489844,sommerinterview,0.010383892308676756,abzug,0.006942055298285501,seit,0.0070946101040110145,transmissibility,0.007580576487943879,wohlstand,0.008385674602186413,lebensmittel,0.008460718651322755,genese,0.007025531577903471,müller,0.0073904076099344535,bundeskanzlerin,0.010922234883206709,finanzmarktpolitik,0.011263784928255001,nutricscor,0.011924582743282895
83,innen,0.003544428022784764,europa,0.004394845799917044,funktionieren,0.005652188545593953,dafür,0.005837156820622097,unklar,0.005746692919207787,university,0.008735946038096814,gehen,0.005921002599750759,amtl,0.007054151913134778,film,0.0074659300866310235,ausländisch,0.007170737930695539,erst,0.0067960617758553105,erızfamilia,0.007295762009242147,jan,0.00798639751937811,jan,0.006794126412010582,ig,0.010285137250903444,heat,0.006942055298285501,gesellschaft,0.0070770413243411365,meister,0.00757490330221638,umstand,0.008385674602186413,harald,0.008369853539321103,actual,0.007007968589974998,inke,0.007381584073008275,kampf,0.010922234883206709,erbschaftssteuer,0.011263784928255001,offenbarungseid,0.011924582743282895
84,maske,0.0035284796402563563,demokrat,0.004393874466028453,content,0.005525360925709291,hamburg,0.005735742946516357,wachstum,0.005737104450151077,shown,0.00869663977934042,wahlprogramm,0.005899791370927659,dawum,0.007054151913134778,mensch,0.007438576411090753,zuzuordnen,0.007150066763917187,entscheidung,0.006778183371389637,naturfreunde,0.007295762009242147,stück,0.007911719766353176,drohen,0.00674166205551303,mann,0.010275295600855057,kommen,0.006901338718842992,un,0.007049115478734808,krankheit,0.007517066626515246,gera,0.008264180396618815,brauchen,0.00833396099491864,verordnung,0.006962474786156743,vergesellschaftung,0.007381584073008275,mdep,0.01084365328800463,weinbau,0.011263784928255001,politikt,0.011924582743282895
85,aktuell,0.003509529770524931,sollen,0.004368871382014937,talk,0.00536798852133825,gerechtigkeit,0.005711013711116323,finanziell,0.005737104450151077,hopkin,0.008423226522164146,nachricht,0.005899791370927659,ap,0.006999221061190856,einschlafen,0.00742894672671261,kenan,0.007150066763917187,ab,0.006771630671935252,grundschulkinder,0.007295762009242147,vorwurf,0.007835489803955818,deshalb,0.006698001767178976,finanzpolitik,0.010129653727336284,zeigen,0.006869311710284379,behörde,0.0070072139612637144,mild,0.007517066626515246,beruflich,0.008254050986865236,neu,0.008224415162968563,neu,0.006910033618382898,straße,0.007286881888450674,karl,0.010829360600072628,entwerten,0.011263784928255001,pistole,0.011924582743282895
86,mi,0.003502724127161821,schenk,0.004352653308529895,anke,0.0053377766641858355,klimapolitik,0.005709235769625076,abschaffen,0.005729999976314482,updated,0.00830361342184269,nächster,0.005870675486192669,wert,0.006862049817937428,jerry,0.00742894672671261,verhaltenskodex,0.007150066763917187,pour,0.006752675581512257,zukunftsforum,0.007295762009242147,hans,0.007715335552187401,eisenmann,0.006663537090828429,holz,0.010129653727336284,eng,0.006856359390067215,aufnahme,0.006956799549113963,karl,0.007504038198552851,ia,0.008254050986865236,bauer,0.00820503961990756,enthalten,0.006835498073911365,lederer,0.007277472142650569,thomas,0.010807942341893195,steuerdumping,0.011263784928255001,pilotveranstaltung,0.011924582743282895
87,grünen,0.003472917097085113,deutsch,0.0043326416704952235,montag,0.005298161062351852,bundesministerium,0.005697096788439432,csu,0.005717161363108261,johns,0.008147661108937915,bild,0.005852412036812702,altersgruppe,0.006854630424493583,niewieder,0.00742894672671261,gericht,0.00709093002449371,füllen,0.006752675581512257,taschenrechner,0.007295762009242147,machen,0.007705146740028519,anhörung,0.006663537090828429,krise,0.01010510679148745,leben,0.006733239346662887,fur,0.006956799549113963,baden,0.007445438251300015,nie,0.008191164492706076,innen,0.008186532737669505,schwer,0.006806162202541665,oö,0.007277472142650569,hart,0.010790958442474153,esgiht,0.011263784928255001,fernfahrer,0.011924582743282895
88,sehen,0.0034681036652303714,bild,0.004306998984611873,christian,0.005193245222645657,fr,0.005691931720054337,ergebnis,0.005716473223247828,france,0.008147661108937915,kommend,0.005849391384999776,angabe,0.006844515794734258,hassan,0.00742894672671261,union,0.007034193475983559,lieferung,0.006752675581512257,demzufolge,0.007295762009242147,daher,0.007667242949530513,europäisch,0.006659629603773556,respekt,0.010079075212983266,nuklear,0.006720107903173481,berlin,0.006922053687018948,hand,0.007416234307985853,tag,0.008189155786753693,klima,0.008164451181799256,test,0.006697001395921691,tor,0.007182436540131522,märz,0.01074622668228337,unternehmen,0.011255456584889542,fette,0.011924582743282895
89,normal,0.003461932736304033,stehen,0.004293304531392987,ulrich,0.005149612444027264,prozent,0.0056868640216653984,senken,0.005700985087665439,sequenced,0.008081240808423762,bei,0.005844999188836298,vorpommern,0.006810132049854083,nahostkonflikt,0.00742894672671261,gefahr,0.00700267959729473,geimpft,0.00674308546758287,weiterführend,0.007295762009242147,code,0.007631183984435887,juni,0.006634576107711797,bundesfinanzminister,0.009914723327237276,aufarbeitung,0.006720107903173481,islam,0.006877452801825897,übersterblichkeit,0.007388224857666924,wa,0.008133916178252551,struktur,0.008129787194597952,berichten,0.006684717378912455,söder,0.007121910789457656,reinhard,0.01060484577150923,verkehr,0.011175730334960783,aruallauı,0.011924582743282895
90,bayern,0.0034583210309015316,gemeinsam,0.0042925212479596265,katja,0.005133623890467011,liter,0.005602038884915041,einführen,0.005681936538155142,least,0.008081240808423762,innen,0.005808479078146787,town,0.006799067816634301,diversität,0.00742894672671261,verändern,0.006983765127954632,dose,0.006728810386139921,bund,0.007295105932941575,verpflichten,0.007569863505922858,unionsfraktion,0.006538422198729045,paus,0.009728564006388007,militärisch,0.006720107903173481,politisch,0.00681536501180302,precaution,0.007388224857666924,teil,0.008086940987196587,schutz,0.00806257703431143,system,0.006616874011100419,schöneberg,0.00709502250770919,fest,0.010513659635910695,öffentlich,0.011157539721340613,pangwirtschaft,0.011924582743282895
91,erster,0.003438858935120083,gast,0.004260060999841606,per,0.005131629100998123,unterstützen,0.005473724911646066,höhe,0.005599920634080853,high,0.008023181519485962,vier,0.0057550175067619,vorl,0.006799067816634301,palestinians,0.00742894672671261,transparenz,0.006983765127954632,kommen,0.006713069752985935,vr,0.00723894973362308,ekelerregend,0.007514060400069865,christlich,0.006538422198729045,gut,0.009703179749987448,helfer,0.006720107903173481,wur,0.0068035914024722755,ausbrüche,0.007388224857666924,fraktion,0.008047137395820629,boden,0.0080586128416691,positiv,0.0065819320592124956,dielink,0.00693877030565665,hahn,0.010497162665345316,eu,0.011103049503998642,flutopfer,0.011924582743282895
92,sagen,0.003365433580131984,prozent,0.004256453626094321,app,0.0051097991113500255,tatsächlich,0.005445867746084012,vermögensabgabe,0.005581864758609826,csse,0.007971468884968982,führen,0.005730396519689471,juli,0.006711395094303939,tabelle,0.007338565892471511,person,0.006882582213479237,vieler,0.006679267485669933,fu,0.007187032154239868,plattformanbieter,0.007514060400069865,stimme,0.006526687078765271,söder,0.009086233160689466,berichterstattung,0.006720107903173481,beschäftigen,0.006734506771627706,infizieren,0.007291385934588102,fortschritt,0.007921157280844039,konflikt,0.007991098004810007,beginn,0.006550789512670502,enteignen,0.0068683130490807525,institution,0.010497162665345316,spd,0.01099398920040444,fogeich,0.011924582743282895
93,kind,0.0033620603582385786,online,0.004252938180513411,spd,0.00508822641121188,pariser,0.0054229337230575405,alleinstehend,0.005581864758609826,non,0.007960375914190151,wahl,0.005704015569546606,el,0.006679943134100798,deshalb,0.007268638409132,stellen,0.006875959761928982,tempo,0.006638713512058465,dafür,0.007177602007234963,ipad,0.007514060400069865,susanne,0.006432593487627104,präsident,0.008846920565306154,kooperation,0.006720107903173481,endlich,0.006729017820643258,information,0.007229475850351353,wirtschaft,0.007910256632470898,deutlich,0.007985202536125214,landkreis,0.006489048604105969,tv,0.006821663661266845,lauterbach,0.010488606966568888,lohn,0.010951825324080537,folower,0.011924582743282895
94,institut,0.003349801418313516,berlin,0.004234748278264831,spezial,0.005076947392471694,heizen,0.0054229337230575405,reform,0.005568403427665604,since,0.00791972030234621,ganz,0.005668094013191775,ipso,0.006601232543954769,päun,0.007223377953532414,proliferation,0.006827009721227307,zulassung,0.006638713512058465,bleiben,0.007157053779090869,maltekaufmann,0.007514060400069865,stadtverband,0.00642807599362335,helfen,0.008773634107344736,sehen,0.006658888488289909,afd,0.006703261696764667,replication,0.007207332014155046,picture,0.007872738644569877,anlage,0.00792688543248848,st,0.006482106673174338,ru,0.006802136381943053,kontakt,0.010476921161664378,sparer,0.010717494056703424,zielgruppenabgestimmte,0.011924582743282895
95,een,0.0033465349784272316,foreign,0.00423135191148917,google,0.0050449272971799,mo,0.005378091001228125,mensch,0.00556141392184267,variants,0.007839040246833169,zusammen,0.005647394716416928,hochrechnung,0.006601232543954769,bds,0.007212783608320823,pauschal,0.006827009721227307,sahin,0.006638713512058465,gg,0.007137240087043465,lügenmarinade,0.007514060400069865,sozial,0.006342197098362871,advent,0.00876268962494349,deutsche,0.006633892140730236,groß,0.006699389911866979,thus,0.007207332014155046,büro,0.007872738644569877,livestream,0.007875294418006171,erstellt,0.006462338510381548,angehen,0.006739750667340774,monika,0.010396021783351327,zinssatz,0.010717494056703424,opflosen,0.011924582743282895
96,möglich,0.003336683532597159,dürfen,0.004200825872234532,politik,0.005004491782042361,beschleunigen,0.005276628558580707,mietendeckel,0.005537859707288706,east,0.007800467211097941,stimme,0.005583830255842238,bi,0.006518219326361302,auschwitz,0.007212783608320823,vaceine,0.00682303006214858,bestellen,0.006638713512058465,klasse,0.007137240087043465,vorbehaltlich,0.007514060400069865,welt,0.006271719604631916,groko,0.008678260509613858,spät,0.006545972603703172,anteil,0.006448155927996759,geb,0.007207332014155046,sozial,0.007802141408115222,antrag,0.007627832472415032,beratung,0.006459331734043425,grüne,0.006528112040759452,interview,0.010370477898220714,soeder,0.010717494056703424,zukunftmache,0.011924582743282895
97,ten,0.003333691803363271,anhalt,0.004165740043615223,innovation,0.004958863927667609,cdu,0.005275373118657739,west,0.005537859707288706,weeks,0.007800467211097941,kritik,0.0055682853298473925,folgen,0.00646363019811706,antisemitisch,0.007212783608320823,folge,0.006720983037673142,hoch,0.006564670882943159,fraktion,0.007110355448213374,noafd,0.007514060400069865,afd,0.006252745515206554,kay,0.008678260509613858,westlich,0.006538806315825014,response,0.00644351652313809,cas,0.007207332014155046,gering,0.007780734631067579,anton,0.007502297556193018,one,0.006389006343128894,ausschuß,0.006520790553604434,bundeswehr,0.010370477898220714,solidaritätszuschlag,0.010717494056703424,fraktioı,0.011924582743282895
98,august,0.003313397655067323,christian,0.0041617510509835455,moderation,0.004958863927667609,teuer,0.005254100957327527,rentensystem,0.005502088345723287,africa,0.007775286020459211,sprecher,0.005549366322501114,projektion,0.006439608371902132,stehen,0.007199809196994924,hilfetelefon,0.006698825459176984,wenig,0.006558720250579304,zugang,0.007089406757075626,faulig,0.007514060400069865,kaffee,0.006240108186086437,lisa,0.008451979936250213,fliegen,0.006538806315825014,bmmvg,0.006396016560381184,induced,0.007207332014155046,endlich,0.007721654044300677,stehen,0.007466669821836425,bereits,0.006359317249562275,mann,0.0064431310366280335,wissen,0.010336184515583505,forstwirtschaft,0.010717494056703424,frantjuri,0.011924582743282895
99,frau,0.0033123146333174573,stimmen,0.004125157362810384,summit,0.0049526437244219335,wohnung,0.005235508283587347,brauchen,0.005493167334042025,study,0.007775286020459211,cem,0.005544390489761472,hessen,0.006376870761557121,müssen,0.007092622284934966,spionage,0.006698825459176984,gut,0.006494518442139644,entlasten,0.007043384279084557,krass,0.007514060400069865,zahlen,0.006206077801923643,lässt,0.008198230864313153,aufnahme,0.006459225601940362,vernichtet,0.006396016560381184,could,0.007192343042826166,durchschnittslohn,0.007713639517088334,hofreiter,0.007414622667336606,selten,0.006328020520498624,br,0.006429345318776207,freitag,0.010336184515583505,steuergerechtigkeit,0.010717494056703424,kulturerbe,0.011924582743282895
